{
  "energy": {
    "loss": [
      6965.91943359375,
      877.51953125,
      541.1668701171875,
      461.4932861328125,
      438.4874267578125,
      418.33721923828125,
      405.6678161621094,
      387.9278564453125,
      377.5613098144531,
      375.661376953125,
      361.0643005371094,
      359.28607177734375,
      348.5770568847656,
      340.9733581542969,
      343.5755615234375,
      334.4852600097656,
      332.1907958984375,
      314.9414367675781,
      308.9638977050781,
      308.28515625,
      306.02130126953125,
      303.48980712890625,
      302.6119689941406,
      305.4858703613281,
      301.2252502441406,
      302.86358642578125,
      299.22039794921875,
      297.1982421875,
      295.7030334472656,
      293.67327880859375,
      285.188720703125,
      283.6465759277344,
      281.19903564453125,
      280.6426086425781,
      282.5469970703125,
      280.25885009765625,
      281.2333984375,
      280.2568359375,
      276.97698974609375,
      275.59490966796875,
      278.16900634765625,
      268.69915771484375,
      273.04803466796875,
      268.1917419433594,
      270.16192626953125,
      266.33587646484375,
      269.83538818359375,
      272.39190673828125,
      267.6038818359375,
      265.5087585449219
    ],
    "mae": [
      60.923095703125,
      21.38003921508789,
      16.833723068237305,
      15.539340019226074,
      15.125263214111328,
      14.812140464782715,
      14.60871410369873,
      14.26159954071045,
      14.119311332702637,
      13.97016716003418,
      13.756150245666504,
      13.687666893005371,
      13.456613540649414,
      13.361809730529785,
      13.407035827636719,
      13.213622093200684,
      13.12688159942627,
      12.769733428955078,
      12.693060874938965,
      12.651657104492188,
      12.596510887145996,
      12.547595977783203,
      12.541412353515625,
      12.55158519744873,
      12.483880043029785,
      12.495241165161133,
      12.440824508666992,
      12.448904037475586,
      12.40605640411377,
      12.312320709228516,
      12.121466636657715,
      12.105673789978027,
      12.086915969848633,
      12.087717056274414,
      12.122729301452637,
      12.025957107543945,
      12.057607650756836,
      12.09553337097168,
      11.938611030578613,
      11.961803436279297,
      12.024839401245117,
      11.810975074768066,
      11.883513450622559,
      11.80256462097168,
      11.830355644226074,
      11.7575101852417,
      11.832554817199707,
      11.879008293151855,
      11.747111320495605,
      11.736709594726562
    ],
    "val_loss": [
      1538.48583984375,
      497.766357421875,
      393.6396179199219,
      351.4339904785156,
      332.0208740234375,
      327.3592529296875,
      323.50213623046875,
      299.3116455078125,
      295.54058837890625,
      294.9143981933594,
      350.4308166503906,
      292.8507080078125,
      298.85382080078125,
      314.92547607421875,
      339.79974365234375,
      293.9224548339844,
      307.16583251953125,
      263.6611633300781,
      262.30169677734375,
      260.3967590332031,
      274.52313232421875,
      267.4450988769531,
      261.20550537109375,
      266.7763366699219,
      258.2832946777344,
      276.5035705566406,
      263.91143798828125,
      258.9993591308594,
      260.2747802734375,
      265.13421630859375,
      257.7040100097656,
      255.7562713623047,
      252.99961853027344,
      257.4332580566406,
      256.2304382324219,
      252.0059356689453,
      255.33499145507812,
      252.69703674316406,
      252.08071899414062,
      254.5205841064453,
      254.8089141845703,
      251.09193420410156,
      251.00050354003906,
      251.93043518066406,
      253.5068359375,
      251.9661407470703,
      251.9295654296875,
      252.28195190429688,
      252.0404052734375,
      251.88795471191406
    ],
    "val_mae": [
      27.98238182067871,
      16.307043075561523,
      14.2900972366333,
      13.506654739379883,
      13.186674118041992,
      13.031777381896973,
      12.899088859558105,
      12.552192687988281,
      12.337818145751953,
      12.308570861816406,
      14.096059799194336,
      12.279502868652344,
      12.54201889038086,
      12.965518951416016,
      12.990543365478516,
      12.262737274169922,
      12.532922744750977,
      11.623265266418457,
      11.649806022644043,
      11.556039810180664,
      11.837553977966309,
      11.703819274902344,
      11.548280715942383,
      11.652820587158203,
      11.567887306213379,
      12.03990650177002,
      11.621955871582031,
      11.558965682983398,
      11.57130241394043,
      11.67186164855957,
      11.494906425476074,
      11.4127197265625,
      11.390835762023926,
      11.443249702453613,
      11.499222755432129,
      11.36024284362793,
      11.399529457092285,
      11.363133430480957,
      11.384294509887695,
      11.428983688354492,
      11.426644325256348,
      11.352653503417969,
      11.307669639587402,
      11.34818172454834,
      11.363344192504883,
      11.348278999328613,
      11.348665237426758,
      11.34745979309082,
      11.347064018249512,
      11.350601196289062
    ],
    "learning_rate": [
      0.0010000000474974513,
      0.0010000000474974513,
      0.0010000000474974513,
      0.0010000000474974513,
      0.0010000000474974513,
      0.0010000000474974513,
      0.0010000000474974513,
      0.0010000000474974513,
      0.0010000000474974513,
      0.0010000000474974513,
      0.0010000000474974513,
      0.0010000000474974513,
      0.0010000000474974513,
      0.0010000000474974513,
      0.0010000000474974513,
      0.0010000000474974513,
      0.0010000000474974513,
      0.0005000000237487257,
      0.0005000000237487257,
      0.0005000000237487257,
      0.0005000000237487257,
      0.0005000000237487257,
      0.0005000000237487257,
      0.0005000000237487257,
      0.0005000000237487257,
      0.0005000000237487257,
      0.0005000000237487257,
      0.0005000000237487257,
      0.0005000000237487257,
      0.0005000000237487257,
      0.0002500000118743628,
      0.0002500000118743628,
      0.0002500000118743628,
      0.0002500000118743628,
      0.0002500000118743628,
      0.0002500000118743628,
      0.0002500000118743628,
      0.0002500000118743628,
      0.0002500000118743628,
      0.0002500000118743628,
      0.0002500000118743628,
      0.0001250000059371814,
      0.0001250000059371814,
      0.0001250000059371814,
      0.0001250000059371814,
      0.0001250000059371814,
      0.0001250000059371814,
      0.0001250000059371814,
      6.25000029685907e-05,
      6.25000029685907e-05
    ]
  },
  "temperature": {
    "loss": [
      22.556657791137695,
      2.33154559135437,
      2.1240382194519043,
      2.0371837615966797,
      1.931430697441101,
      1.8161851167678833,
      1.7104268074035645,
      1.6149355173110962,
      1.4535400867462158,
      1.3317424058914185,
      1.1421180963516235,
      0.979661226272583,
      0.8293924331665039,
      0.6860857605934143,
      0.5654075145721436,
      0.462851881980896,
      0.40043023228645325,
      0.3497166335582733,
      0.32683315873146057,
      0.30102092027664185,
      0.28998124599456787,
      0.2835710346698761,
      0.27018722891807556,
      0.26420170068740845,
      0.25802916288375854,
      0.25624287128448486,
      0.2480907142162323,
      0.24950756132602692,
      0.2539566159248352,
      0.24582502245903015,
      0.23738093674182892,
      0.23285040259361267,
      0.23148760199546814,
      0.21828748285770416,
      0.21380303800106049,
      0.21303799748420715,
      0.21006855368614197,
      0.2102547287940979,
      0.2076798975467682,
      0.20647455751895905,
      0.19662673771381378,
      0.19691836833953857,
      0.1958150565624237,
      0.1946595311164856,
      0.19235339760780334
    ],