Model,Dataset,N,RMSE,MAE,R²
OLS,Train,5406,0.00270,0.00200,0.452
OLS,Val,1802,0.00265,0.00194,0.433
OLS,Test,1803,0.00261,0.00190,0.493
Ridge,Train,5406,0.00270,0.00200,0.452
Ridge,Val,1802,0.00265,0.00194,0.433
Ridge,Test,1803,0.00261,0.00190,0.493
XGBoost,Train,5406,0.00252,0.00186,0.524
XGBoost,Val,1802,0.00255,0.00186,0.474
XGBoost,Test,1803,0.00251,0.00185,0.529
