Dataset,N,RMSE,MAE,R²
Train,5631,0.00262,0.00188,0.614
Validation,1878,0.00293,0.00205,0.507
Test,1878,0.00304,0.00212,0.460
Test (OLS Baseline),1878,0.00330,0.00223,0.362
