Rank,Feature,Mean |SHAP|,Importance (%)
1,HDD65,0.0014860997,33.118073
2,A_heated,0.0013995235,31.188702
3,TYPEHUQ,0.00057833263,12.888275
4,building_age,0.00043380028,9.667339
5,REGIONC,0.00017401678,3.878004
6,EQUIPM,0.00015378481,3.42713
7,TYPEGLASS,0.00012370864,2.7568755
8,DRAFTY,8.588344e-05,1.9139322
9,ADQINSUL,5.2127325e-05,1.1616694
